id,pred
a0,0.0
a1,0.0
a2,0.0
a3,0.0
a4,0.0
a5,0.0
a6,0.0
a7,0.0
a8,0.0
a9,0.0
a10,0.0
a11,0.0
a12,0.0
a13,0.0
a14,0.0
a15,0.0
a16,0.0
a17,0.0
a18,0.0
a19,0.0
a20,0.0
a21,0.0
a22,0.0
a23,0.0
a24,0.0
a25,0.0
a26,0.0
a27,0.0
a28,0.0
a29,0.0
a30,0.0
a31,0.0
a32,0.0
a33,0.0
a34,0.0
a35,0.0
a36,0.0
a37,0.0
a38,0.0
a39,0.0
a40,0.0
a41,0.0
a42,0.0
a43,0.0
a44,0.0
a45,0.0
a46,0.0
a47,0.0
a48,0.0
a49,0.0
a50,0.0
a51,0.0
a52,0.0
a53,0.0
a54,0.0
a55,0.0
a56,0.0
a57,0.0
a58,0.0
a59,0.0
a60,0.0
a61,0.0
a62,0.0
a63,0.0
a64,0.0
a65,0.0
a66,0.0
a67,0.0
a68,0.0
a69,0.0
a70,0.0
a71,0.0
a72,0.0
a73,0.0
a74,0.0
a75,0.0
a76,0.0
a77,0.0
a78,0.0
a79,0.0
a80,0.0
a81,0.0
a82,0.0
a83,0.0
a84,0.0
a85,0.0
a86,0.0
a87,0.0
a88,0.0
a89,0.0
a90,0.0
a91,0.0
a92,0.0
a93,0.0
a94,0.0
a95,0.0
a96,0.0
a97,0.0
a98,0.0
a99,0.0
a100,0.0
a101,0.0
a102,0.0
a103,0.0
a104,0.0
a105,0.0
a106,0.0
a107,0.0
a108,0.0
a109,0.0
a110,0.0
a111,0.0
a112,0.0
a113,0.0
a114,0.0
a115,0.0
a116,0.0
a117,0.0
a118,0.0
a119,0.0
a120,0.0
a121,0.0
a122,0.0
a123,0.0
a124,0.0
a125,0.0
a126,0.0
a127,0.0
a128,0.0
a129,0.0
a130,0.0
a131,0.0
a132,0.0
a133,0.0
a134,0.0
a135,0.0
a136,0.0
a137,0.0
a138,0.0
a139,0.0
a140,0.0
a141,0.0
a142,0.0
a143,0.0
a144,0.0
a145,0.0
a146,0.0
a147,0.0
a148,0.0
a149,0.0
a150,0.0
a151,0.0
a152,0.0
a153,0.0
a154,0.0
a155,0.0
a156,0.0
a157,0.0
a158,0.0
a159,0.0
a160,0.0
a161,0.0
a162,0.0
a163,0.0
a164,0.0
a165,0.0
a166,0.0
a167,0.0
a168,0.0
a169,0.0
a170,0.0
a171,0.0
a172,0.0
a173,0.0
a174,0.0
a175,0.0
a176,0.0
a177,0.0
a178,0.0
a179,0.0
a180,0.0
a181,0.0
a182,0.0
a183,0.0
a184,0.0
a185,0.0
a186,0.0
a187,0.0
a188,0.0
a189,0.0
a190,0.0
a191,0.0
a192,0.0
a193,0.0
a194,0.0
a195,0.0
a196,0.0
a197,0.0
a198,0.0
a199,0.0
a200,0.0
a201,0.0
a202,0.0
a203,0.0
a204,0.0
a205,0.0
a206,0.0
a207,0.0
a208,0.0
a209,0.0
a210,0.0
a211,0.0
a212,0.0
a213,0.0
a214,0.0
a215,0.0
a216,0.0
a217,0.0
a218,0.0
a219,0.0
a220,0.0
a221,0.0
a222,0.0
a223,0.0
a224,0.0
a225,0.0
a226,0.0
a227,0.0
a228,0.0
a229,0.0
a230,0.0
a231,0.0
a232,0.0
a233,0.0
a234,0.0
a235,0.0
a236,0.0
a237,0.0
a238,0.0
a239,0.0
a240,0.0
a241,0.0
a242,0.0
a243,0.0
a244,0.0
a245,0.0
a246,0.0
a247,0.0
a248,0.0
a249,0.0
a250,0.0
a251,0.0
a252,0.0
a253,0.0
a254,0.0
a255,0.0
a256,0.0
a257,0.0
a258,0.0
a259,0.0
a260,0.0
a261,0.0
a262,0.0
a263,0.0
a264,0.0
a265,0.0
a266,0.0
a267,0.0
a268,0.0
a269,0.0
a270,0.0
a271,0.0
a272,0.0
a273,0.0
a274,0.0
a275,0.0
a276,0.0
a277,0.0
a278,0.0
a279,0.0
a280,0.0
a281,0.0
a282,0.0
a283,0.0
a284,0.0
a285,0.0
a286,0.0
a287,0.0
a288,0.0
a289,0.0
a290,0.0
a291,0.0
a292,0.0
a293,0.0
a294,0.0
a295,0.0
a296,0.0
a297,0.0
a298,0.0
a299,0.0
a300,0.0
a301,0.0
a302,0.0
a303,0.0
a304,0.0
a305,0.0
a306,0.0
a307,0.0
a308,0.0
a309,0.0
a310,0.0
a311,0.0
a312,0.0
a313,0.0
a314,0.0
a315,0.0
a316,0.0
a317,0.0
a318,0.0
a319,0.0
a320,0.0
a321,0.0
a322,0.0
a323,0.0
a324,0.0
a325,0.0
a326,0.0
a327,0.0
a328,0.0
a329,0.0
a330,0.0
a331,0.0
a332,0.0
a333,0.0
a334,0.0
a335,0.0
a336,0.0
a337,0.0
a338,0.0
a339,0.0
a340,0.0
a341,0.0
a342,0.0
a343,0.0
a344,0.0
a345,0.0
a346,0.0
a347,0.0
a348,0.0
a349,0.0
a350,0.0
a351,0.0
a352,0.0
a353,0.0
a354,0.0
a355,0.0
a356,0.0
a357,0.0
a358,0.0
a359,0.0
a360,0.0
a361,0.0
a362,0.0
a363,0.0
a364,0.0
a365,0.0
a366,0.0
a367,0.0
a368,0.0
a369,0.0
a370,0.0
a371,0.0
a372,0.0
a373,0.0
a374,0.0
a375,0.0
a376,0.0
a377,0.0
a378,0.0
a379,0.0
a380,0.0
a381,0.0
a382,0.0
a383,0.0
a384,0.0
a385,0.0
a386,0.0
a387,0.0
a388,0.0
a389,0.0
a390,0.0
a391,0.0
a392,0.0
a393,0.0
a394,0.0
a395,0.0
a396,0.0
a397,0.0
a398,0.0
a399,0.0
a400,0.0
a401,0.0
a402,0.0
a403,0.0
a404,0.0
a405,0.0
a406,0.0
a407,0.0
a408,0.0
a409,0.0
a410,0.0
a411,0.0
a412,0.0
a413,0.0
a414,0.0
a415,0.0
a416,0.0
a417,0.0
a418,0.0
a419,0.0
a420,0.0
a421,0.0
a422,0.0
a423,0.0
a424,0.0
a425,0.0
a426,0.0
a427,0.0
a428,0.0
a429,0.0
a430,0.0
a431,0.0
a432,0.0
a433,0.0
a434,0.0
a435,0.0
a436,0.0
a437,0.0
a438,0.0
a439,0.0
a440,0.0
a441,0.0
a442,0.0
a443,0.0
a444,0.0
a445,0.0
a446,0.0
a447,0.0
a448,0.0
a449,0.0
a450,0.0
a451,0.0
a452,0.0
a453,0.0
a454,0.0
a455,0.0
a456,0.0
a457,0.0
a458,0.0
a459,0.0
a460,0.0
a461,0.0
a462,0.0
a463,0.0
a464,0.0
a465,0.0
a466,0.0
a467,0.0
a468,0.0
a469,0.0
a470,0.0
a471,0.0
a472,0.0
a473,0.0
a474,0.0
a475,0.0
a476,0.0
a477,0.0
a478,0.0
a479,0.0
a480,0.0
a481,0.0
a482,0.0
a483,0.0
a484,0.0
a485,0.0
a486,0.0
a487,0.0
a488,0.0
a489,0.0
a490,0.0
a491,0.0
a492,0.0
a493,0.0
a494,0.0
a495,0.0
a496,0.0
a497,0.0
a498,0.0
a499,0.0
a500,0.0
a501,0.0
a502,0.0
a503,0.0
a504,0.0
a505,0.0
a506,0.0
a507,0.0
a508,0.0
a509,0.0
a510,0.0
a511,0.0
a512,0.0
a513,0.0
a514,0.0
a515,0.0
a516,0.0
a517,0.0
a518,0.0
a519,0.0
a520,0.0
a521,0.0
a522,0.0
a523,0.0
a524,0.0
a525,0.0
a526,0.0
a527,0.0
a528,0.0
a529,0.0
a530,0.0
a531,0.0
a532,0.0
a533,0.0
a534,0.0
a535,0.0
a536,0.0
a537,0.0
a538,0.0
a539,0.0
a540,0.0
a541,0.0
a542,0.0
a543,0.0
a544,0.0
a545,0.0
a546,0.0
a547,0.0
a548,0.0
a549,0.0
a550,0.0
a551,0.0
a552,0.0
a553,0.0
a554,0.0
a555,0.0
a556,0.0
a557,0.0
a558,0.0
a559,0.0
a560,0.0
a561,0.0
a562,0.0
a563,0.0
a564,0.0
a565,0.0
a566,0.0
a567,0.0
a568,0.0
a569,0.0
a570,0.0
a571,0.0
a572,0.0
a573,0.0
a574,0.0
a575,0.0
a576,0.0
a577,0.0
a578,0.0
a579,0.0
a580,0.0
a581,0.0
a582,0.0
a583,0.0
a584,0.0
a585,0.0
a586,0.0
a587,0.0
a588,0.0
a589,0.0
a590,0.0
a591,0.0
a592,0.0
a593,0.0
a594,0.0
a595,0.0
a596,0.0
a597,0.0
a598,0.0
a599,0.0
a600,0.0
a601,0.0
a602,0.0
a603,0.0
a604,0.0
a605,0.0
a606,0.0
a607,0.0
a608,0.0
a609,0.0
a610,0.0
a611,0.0
a612,0.0
a613,0.0
a614,0.0
a615,0.0
a616,0.0
a617,0.0
a618,0.0
a619,0.0
a620,0.0
a621,0.0
a622,0.0
a623,0.0
a624,0.0
a625,0.0
a626,0.0
a627,0.0
a628,0.0
a629,0.0
a630,0.0
a631,0.0
a632,0.0
a633,0.0
a634,0.0
a635,0.0
a636,0.0
a637,0.0
a638,0.0
a639,0.0
a640,0.0
a641,0.0
a642,0.0
a643,0.0
a644,0.0
a645,0.0
a646,0.0
a647,0.0
a648,0.0
a649,0.0
a650,0.0
a651,0.0
a652,0.0
a653,0.0
a654,0.0
a655,0.0
a656,0.0
a657,0.0
a658,0.0
a659,0.0
a660,0.0
a661,0.0
a662,0.0
a663,0.0
a664,0.0
a665,0.0
a666,0.0
a667,0.0
a668,0.0
a669,0.0
a670,0.0
a671,0.0
a672,0.0
a673,0.0
a674,0.0
a675,0.0
a676,0.0
a677,0.0
a678,0.0
a679,0.0
a680,0.0
a681,0.0
a682,0.0
a683,0.0
a684,0.0
a685,0.0
a686,0.0
a687,0.0
a688,0.0
a689,0.0
a690,0.0
a691,0.0
a692,0.0
a693,0.0
a694,0.0
a695,0.0
a696,0.0
a697,0.0
a698,0.0
a699,0.0
a700,0.0
a701,0.0
a702,0.0
a703,0.0
a704,0.0
a705,0.0
a706,0.0
a707,0.0
a708,0.0
a709,0.0
a710,0.0
a711,0.0
a712,0.0
a713,0.0
a714,0.0
a715,0.0
a716,0.0
a717,0.0
a718,0.0
a719,0.0
a720,0.0
a721,0.0
a722,0.0
a723,0.0
a724,0.0
a725,0.0
a726,0.0
a727,0.0
a728,0.0
a729,0.0
a730,0.0
a731,0.0
a732,0.0
a733,0.0
a734,0.0
a735,0.0
a736,0.0
a737,0.0
a738,0.0
a739,0.0
a740,0.0
a741,0.0
a742,0.0
a743,0.0
a744,0.0
a745,0.0
a746,0.0
a747,0.0
a748,0.0
a749,0.0
a750,0.0
a751,0.0
a752,0.0
a753,0.0
a754,0.0
a755,0.0
a756,0.0
a757,0.0
a758,0.0
a759,0.0
a760,0.0
a761,0.0
a762,0.0
a763,0.0
a764,0.0
a765,0.0
a766,0.0
a767,0.0
a768,0.0
a769,0.0
a770,0.0
a771,0.0
a772,0.0
a773,0.0
a774,0.0
a775,0.0
a776,0.0
a777,0.0
a778,0.0
a779,0.0
a780,0.0
a781,0.0
a782,0.0
a783,0.0
a784,0.0
a785,0.0
a786,0.0
a787,0.0
a788,0.0
a789,0.0
a790,0.0
a791,0.0
a792,0.0
a793,0.0
a794,0.0
a795,0.0
a796,0.0
a797,0.0
a798,0.0
a799,0.0
a800,0.0
a801,0.0
a802,0.0
a803,0.0
a804,0.0
a805,0.0
a806,0.0
a807,0.0
a808,0.0
a809,0.0
a810,0.0
a811,0.0
a812,0.0
a813,0.0
a814,0.0
a815,0.0
a816,0.0
a817,0.0
a818,0.0
a819,0.0
a820,0.0
a821,0.0
a822,0.0
a823,0.0
a824,0.0
a825,0.0
a826,0.0
a827,0.0
a828,0.0
a829,0.0
a830,0.0
a831,0.0
a832,0.0
a833,0.0
a834,0.0
a835,0.0
a836,0.0
a837,0.0
a838,0.0
a839,0.0
a840,0.0
a841,0.0
a842,0.0
a843,0.0
a844,0.0
a845,0.0
a846,0.0
a847,0.0
a848,0.0
a849,0.0
a850,0.0
a851,0.0
a852,0.0
a853,0.0
a854,0.0
a855,0.0
a856,0.0
a857,0.0
a858,0.0
a859,0.0
a860,0.0
a861,0.0
a862,0.0
a863,0.0
a864,0.0
a865,0.0
a866,0.0
a867,0.0
a868,0.0
a869,0.0
a870,0.0
a871,0.0
a872,0.0
a873,0.0
a874,0.0
a875,0.0
a876,0.0
a877,0.0
a878,0.0
a879,0.0
a880,0.0
a881,0.0
a882,0.0
a883,0.0
a884,0.0
a885,0.0
a886,0.0
a887,0.0
a888,0.0
a889,0.0
a890,0.0
a891,0.0
a892,0.0
a893,0.0
a894,0.0
a895,0.0
a896,0.0
a897,0.0
a898,0.0
a899,0.0
a900,0.0
a901,0.0
a902,0.0
a903,0.0
a904,0.0
a905,0.0
a906,0.0
a907,0.0
a908,0.0
a909,0.0
a910,0.0
a911,0.0
a912,0.0
a913,0.0
a914,0.0
a915,0.0
a916,0.0
a917,0.0
a918,0.0
a919,0.0
a920,0.0
a921,0.0
a922,0.0
a923,0.0
a924,0.0
a925,0.0
a926,0.0
a927,0.0
a928,0.0
a929,0.0
a930,0.0
a931,0.0
a932,0.0
a933,0.0
a934,0.0
a935,0.0
a936,0.0
a937,0.0
a938,0.0
a939,0.0
a940,0.0
a941,0.0
a942,0.0
a943,0.0
a944,0.0
a945,0.0
a946,0.0
a947,0.0
a948,0.0
a949,0.0
a950,0.0
a951,0.0
a952,0.0
a953,0.0
a954,0.0
a955,0.0
a956,0.0
a957,0.0
a958,0.0
a959,0.0
a960,0.0
a961,0.0
a962,0.0
a963,0.0
a964,0.0
a965,0.0
a966,0.0
a967,0.0
a968,0.0
a969,0.0
a970,0.0
a971,0.0
a972,0.0
a973,0.0
a974,0.0
a975,0.0
a976,0.0
a977,0.0
a978,0.0
a979,0.0
a980,0.0
a981,0.0
a982,0.0
a983,0.0
a984,0.0
a985,0.0
a986,0.0
a987,0.0
a988,0.0
a989,0.0
a990,0.0
a991,0.0
a992,0.0
a993,0.0
a994,0.0
a995,0.0
a996,0.0
a997,0.0
a998,0.0
a999,0.0
a1000,0.0
a1001,0.0
a1002,0.0
a1003,0.0
a1004,0.0
a1005,0.0
a1006,0.0
a1007,0.0
a1008,0.0
a1009,0.0
a1010,0.0
a1011,0.0
a1012,0.0
a1013,0.0
a1014,0.0
a1015,0.0
a1016,0.0
a1017,0.0
a1018,0.0
a1019,0.0
a1020,0.0
a1021,0.0
a1022,0.0
a1023,0.0
a1024,0.0
a1025,0.0
a1026,0.0
a1027,0.0
a1028,0.0
a1029,0.0
a1030,0.0
a1031,0.0
a1032,0.0
a1033,0.0
a1034,0.0
a1035,0.0
a1036,0.0
a1037,0.0
a1038,0.0
a1039,0.0
a1040,0.0
a1041,0.0
a1042,0.0
a1043,0.0
a1044,0.0
a1045,0.0
a1046,0.0
a1047,0.0
a1048,0.0
a1049,0.0
a1050,0.0
a1051,0.0
a1052,0.0
a1053,0.0
a1054,0.0
a1055,0.0
a1056,0.0
a1057,0.0
a1058,0.0
a1059,0.0
a1060,0.0
a1061,0.0
a1062,0.0
a1063,0.0
a1064,0.0
a1065,0.0
a1066,0.0
a1067,0.0
a1068,0.0
a1069,0.0
a1070,0.0
a1071,0.0
a1072,0.0
a1073,0.0
a1074,0.0
a1075,0.0
a1076,0.0
a1077,0.0
a1078,0.0
a1079,0.0
a1080,0.0
a1081,0.0
a1082,0.0
a1083,0.0
a1084,0.0
a1085,0.0
a1086,0.0
a1087,0.0
a1088,0.0
a1089,0.0
a1090,0.0
a1091,0.0
a1092,0.0
a1093,0.0
a1094,0.0
a1095,0.0
a1096,0.0
a1097,0.0
a1098,0.0
a1099,0.0
a1100,0.0
a1101,0.0
a1102,0.0
a1103,0.0
a1104,0.0
a1105,0.0
a1106,0.0
a1107,0.0
a1108,0.0
a1109,0.0
a1110,0.0
a1111,0.0
a1112,0.0
a1113,0.0
a1114,0.0
a1115,0.0
a1116,0.0
a1117,0.0
a1118,0.0
a1119,0.0
a1120,0.0
a1121,0.0
a1122,0.0
a1123,0.0
a1124,0.0
a1125,0.0
a1126,0.0
a1127,0.0
a1128,0.0
a1129,0.0
a1130,0.0
a1131,0.0
a1132,0.0
a1133,0.0
a1134,0.0
a1135,0.0
a1136,0.0
a1137,0.0
a1138,0.0
a1139,0.0
a1140,0.0
a1141,0.0
a1142,0.0
a1143,0.0
a1144,0.0
a1145,0.0
a1146,0.0
a1147,0.0
a1148,0.0
a1149,0.0
a1150,0.0
a1151,0.0
a1152,0.0
a1153,0.0
a1154,0.0
a1155,0.0
a1156,0.0
a1157,0.0
a1158,0.0
a1159,0.0
a1160,0.0
a1161,0.0
a1162,0.0
a1163,0.0
a1164,0.0
a1165,0.0
a1166,0.0
a1167,0.0
a1168,0.0
a1169,0.0
a1170,0.0
a1171,0.0
a1172,0.0
a1173,0.0
a1174,0.0
a1175,0.0
a1176,0.0
a1177,0.0
a1178,0.0
a1179,0.0
a1180,0.0
a1181,0.0
a1182,0.0
a1183,0.0
a1184,0.0
a1185,0.0
a1186,0.0
a1187,0.0
a1188,0.0
a1189,0.0
a1190,0.0
a1191,0.0
a1192,0.0
a1193,0.0
a1194,0.0
a1195,0.0
a1196,0.0
a1197,0.0
a1198,0.0
a1199,0.0
a1200,0.0
a1201,0.0
a1202,0.0
a1203,0.0
a1204,0.0
a1205,0.0
a1206,0.0
a1207,0.0
a1208,0.0
a1209,0.0
a1210,0.0
a1211,0.0
a1212,0.0
a1213,0.0
a1214,0.0
a1215,0.0
a1216,0.0
a1217,0.0
a1218,0.0
a1219,0.0
a1220,0.0
a1221,0.0
a1222,0.0
a1223,0.0
a1224,0.0
a1225,0.0
a1226,0.0
a1227,0.0
a1228,0.0
a1229,0.0
a1230,0.0
a1231,0.0
a1232,0.0
a1233,0.0
a1234,0.0
a1235,0.0
a1236,0.0
a1237,0.0
a1238,0.0
a1239,0.0
a1240,0.0
a1241,0.0
a1242,0.0
a1243,0.0
a1244,0.0
a1245,0.0
a1246,0.0
a1247,0.0
a1248,0.0
a1249,0.0
a1250,0.0
a1251,0.0
a1252,0.0
a1253,0.0
a1254,0.0
a1255,0.0
a1256,0.0
a1257,0.0
a1258,0.0
a1259,0.0
a1260,0.0
a1261,0.0
a1262,0.0
a1263,0.0
a1264,0.0
a1265,0.0
a1266,0.0
a1267,0.0
a1268,0.0
a1269,0.0
a1270,0.0
a1271,0.0
a1272,0.0
a1273,0.0
a1274,0.0
a1275,0.0
a1276,0.0
a1277,0.0
a1278,0.0
a1279,0.0
a1280,0.0
a1281,0.0
a1282,0.0
a1283,0.0
a1284,0.0
a1285,0.0
a1286,0.0
a1287,0.0
a1288,0.0
a1289,0.0
a1290,0.0
a1291,0.0
a1292,0.0
a1293,0.0
a1294,0.0
a1295,0.0
a1296,0.0
a1297,0.0
a1298,0.0
a1299,0.0
a1300,0.0
a1301,0.0
a1302,0.0
a1303,0.0
a1304,0.0
a1305,0.0
a1306,0.0
a1307,0.0
a1308,0.0
a1309,0.0
a1310,0.0
a1311,0.0
a1312,0.0
a1313,0.0
a1314,0.0
a1315,0.0
a1316,0.0
a1317,0.0
a1318,0.0
a1319,0.0
a1320,0.0
a1321,0.0
a1322,0.0
a1323,0.0
a1324,0.0
a1325,0.0
a1326,0.0
a1327,0.0
a1328,0.0
a1329,0.0
a1330,0.0
a1331,0.0
a1332,0.0
a1333,0.0
a1334,0.0
a1335,0.0
a1336,0.0
a1337,0.0
a1338,0.0
a1339,0.0
a1340,0.0
a1341,0.0
a1342,0.0
a1343,0.0
a1344,0.0
a1345,0.0
a1346,0.0
a1347,0.0
a1348,0.0
a1349,0.0
a1350,0.0
a1351,0.0
a1352,0.0
a1353,0.0
a1354,0.0
a1355,0.0
a1356,0.0
a1357,0.0
a1358,0.0
a1359,0.0
a1360,0.0
a1361,0.0
a1362,0.0
a1363,0.0
a1364,0.0
a1365,0.0
a1366,0.0
a1367,0.0
a1368,0.0
a1369,0.0
a1370,0.0
a1371,0.0
a1372,0.0
a1373,0.0
a1374,0.0
a1375,0.0
a1376,0.0
a1377,0.0
a1378,0.0
a1379,0.0
a1380,0.0
a1381,0.0
a1382,0.0
a1383,0.0
a1384,0.0
a1385,0.0
a1386,0.0
a1387,0.0
a1388,0.0
a1389,0.0
a1390,0.0
a1391,0.0
a1392,0.0
a1393,0.0
a1394,0.0
a1395,0.0
a1396,0.0
a1397,0.0
a1398,0.0
a1399,0.0
a1400,0.0
a1401,0.0
a1402,0.0
a1403,0.0
a1404,0.0
a1405,0.0
a1406,0.0
a1407,0.0
a1408,0.0
a1409,0.0
a1410,0.0
a1411,0.0
a1412,0.0
a1413,0.0
a1414,0.0
a1415,0.0
a1416,0.0
a1417,0.0
a1418,0.0
a1419,0.0
a1420,0.0
a1421,0.0
a1422,0.0
a1423,0.0
a1424,0.0
a1425,0.0
a1426,0.0
a1427,0.0
a1428,0.0
a1429,0.0
a1430,0.0
a1431,0.0
a1432,0.0
a1433,0.0
a1434,0.0
a1435,0.0
a1436,0.0
a1437,0.0
a1438,0.0
a1439,0.0
a1440,0.0
a1441,0.0
a1442,0.0
a1443,0.0
a1444,0.0
a1445,0.0
a1446,0.0
a1447,0.0
a1448,0.0
a1449,0.0
a1450,0.0
a1451,0.0
a1452,0.0
a1453,0.0
a1454,0.0
a1455,0.0
a1456,0.0
a1457,0.0
a1458,0.0
a1459,0.0
a1460,0.0
a1461,0.0
a1462,0.0
a1463,0.0
a1464,0.0
a1465,0.0
a1466,0.0
a1467,0.0
a1468,0.0
a1469,0.0
a1470,0.0
a1471,0.0
a1472,0.0
a1473,0.0
a1474,0.0
a1475,0.0
a1476,0.0
a1477,0.0
a1478,0.0
a1479,0.0
a1480,0.0
a1481,0.0
a1482,0.0
a1483,0.0
a1484,0.0
a1485,0.0
a1486,0.0
a1487,0.0
a1488,0.0
a1489,0.0
a1490,0.0
a1491,0.0
a1492,0.0
a1493,0.0
a1494,0.0
a1495,0.0
a1496,0.0
a1497,0.0
a1498,0.0
a1499,0.0
a1500,0.0
a1501,0.0
a1502,0.0
a1503,0.0
a1504,0.0
a1505,0.0
a1506,0.0
a1507,0.0
a1508,0.0
a1509,0.0
a1510,0.0
a1511,0.0
a1512,0.0
a1513,0.0
a1514,0.0
a1515,0.0
a1516,0.0
a1517,0.0
a1518,0.0
a1519,0.0
a1520,0.0
a1521,0.0
a1522,0.0
a1523,0.0
a1524,0.0
a1525,0.0
a1526,0.0
a1527,0.0
a1528,0.0
a1529,0.0
a1530,0.0
a1531,0.0
a1532,0.0
a1533,0.0
a1534,0.0
a1535,0.0
a1536,0.0
a1537,0.0
a1538,0.0
a1539,0.0
a1540,0.0
a1541,0.0
a1542,0.0
a1543,0.0
a1544,0.0
a1545,0.0
a1546,0.0
a1547,0.0
a1548,0.0
a1549,0.0
a1550,0.0
a1551,0.0
a1552,0.0
a1553,0.0
a1554,0.0
a1555,0.0
a1556,0.0
a1557,0.0
a1558,0.0
a1559,0.0
a1560,0.0
a1561,0.0
a1562,0.0
a1563,0.0
a1564,0.0
a1565,0.0
a1566,0.0
a1567,0.0
a1568,0.0
a1569,0.0
a1570,0.0
a1571,0.0
a1572,0.0
a1573,0.0
a1574,0.0
a1575,0.0
a1576,0.0
a1577,0.0
a1578,0.0
a1579,0.0
a1580,0.0
a1581,0.0
a1582,0.0
a1583,0.0
a1584,0.0
a1585,0.0
a1586,0.0
a1587,0.0
a1588,0.0
a1589,0.0
a1590,0.0
a1591,0.0
a1592,0.0
a1593,0.0
a1594,0.0
a1595,0.0
a1596,0.0
a1597,0.0
a1598,0.0
a1599,0.0
a1600,0.0
a1601,0.0
a1602,0.0
a1603,0.0
a1604,0.0
a1605,0.0
a1606,0.0
a1607,0.0
a1608,0.0
a1609,0.0
a1610,0.0
a1611,0.0
a1612,0.0
a1613,0.0
a1614,0.0
a1615,0.0
a1616,0.0
a1617,0.0
a1618,0.0
a1619,0.0
a1620,0.0
a1621,0.0
a1622,0.0
a1623,0.0
a1624,0.0
a1625,0.0
a1626,0.0
a1627,0.0
a1628,0.0
a1629,0.0
a1630,0.0
a1631,0.0
a1632,0.0
a1633,0.0
a1634,0.0
a1635,0.0
a1636,0.0
a1637,0.0
a1638,0.0
a1639,0.0
a1640,0.0
a1641,0.0
a1642,0.0
a1643,0.0
a1644,0.0
a1645,0.0
a1646,0.0
a1647,0.0
a1648,0.0
a1649,0.0
a1650,0.0
a1651,0.0
a1652,0.0
a1653,0.0
a1654,0.0
a1655,0.0
a1656,0.0
a1657,0.0
a1658,0.0
a1659,0.0
a1660,0.0
a1661,0.0
a1662,0.0
a1663,0.0
a1664,0.0
a1665,0.0
a1666,0.0
a1667,0.0
a1668,0.0
a1669,0.0
a1670,0.0
a1671,0.0
a1672,0.0
a1673,0.0
a1674,0.0
a1675,0.0
a1676,0.0
a1677,0.0
a1678,0.0
a1679,0.0
a1680,0.0
a1681,0.0
a1682,0.0
a1683,0.0
a1684,0.0
a1685,0.0
a1686,0.0
a1687,0.0
a1688,0.0
a1689,0.0
a1690,0.0
a1691,0.0
a1692,0.0
a1693,0.0
a1694,0.0
a1695,0.0
a1696,0.0
a1697,0.0
a1698,0.0
a1699,0.0
a1700,0.0
a1701,0.0
a1702,0.0
a1703,0.0
a1704,0.0
a1705,0.0
a1706,0.0
a1707,0.0
a1708,0.0
a1709,0.0
a1710,0.0
a1711,0.0
a1712,0.0
a1713,0.0
a1714,0.0
a1715,0.0
a1716,0.0
a1717,0.0
a1718,0.0
a1719,0.0
a1720,0.0
a1721,0.0
a1722,0.0
a1723,0.0
a1724,0.0
a1725,0.0
a1726,0.0
a1727,0.0
a1728,0.0
a1729,0.0
a1730,0.0
a1731,0.0
a1732,0.0
a1733,0.0
a1734,0.0
a1735,0.0
a1736,0.0
a1737,0.0
a1738,0.0
a1739,0.0
a1740,0.0
a1741,0.0
a1742,0.0
a1743,0.0
a1744,0.0
a1745,0.0
a1746,0.0
a1747,0.0
a1748,0.0
a1749,0.0
a1750,0.0
a1751,0.0
a1752,0.0
a1753,0.0
a1754,0.0
a1755,0.0
a1756,0.0
a1757,0.0
a1758,0.0
a1759,0.0
a1760,0.0
a1761,0.0
a1762,0.0
a1763,0.0
a1764,0.0
a1765,0.0
a1766,0.0
a1767,0.0
a1768,0.0
a1769,0.0
a1770,0.0
a1771,0.0
a1772,0.0
a1773,0.0
a1774,0.0
a1775,0.0
a1776,0.0
a1777,0.0
a1778,0.0
a1779,0.0
a1780,0.0
a1781,0.0
a1782,0.0
a1783,0.0
a1784,0.0
a1785,0.0
a1786,0.0
a1787,0.0
a1788,0.0
a1789,0.0
a1790,0.0
a1791,0.0
a1792,0.0
a1793,0.0
a1794,0.0
a1795,0.0
a1796,0.0
a1797,0.0
a1798,0.0
a1799,0.0
a1800,0.0
a1801,0.0
a1802,0.0
a1803,0.0
a1804,0.0
a1805,0.0
a1806,0.0
a1807,0.0
a1808,0.0
a1809,0.0
a1810,0.0
a1811,0.0
a1812,0.0
a1813,0.0
a1814,0.0
a1815,0.0
a1816,0.0
a1817,0.0
a1818,0.0
a1819,0.0
a1820,0.0
a1821,0.0
a1822,0.0
a1823,0.0
a1824,0.0
a1825,0.0
a1826,0.0
a1827,0.0
a1828,0.0
a1829,0.0
a1830,0.0
a1831,0.0
a1832,0.0
a1833,0.0
a1834,0.0
a1835,0.0
a1836,0.0
a1837,0.0
a1838,0.0
a1839,0.0
a1840,0.0
a1841,0.0
a1842,0.0
a1843,0.0
a1844,0.0
a1845,0.0
a1846,0.0
a1847,0.0
a1848,0.0
a1849,0.0
a1850,0.0
a1851,0.0
a1852,0.0
a1853,0.0
a1854,0.0
a1855,0.0
a1856,0.0
a1857,0.0
a1858,0.0
a1859,0.0
a1860,0.0
a1861,0.0
a1862,0.0
a1863,0.0
a1864,0.0
a1865,0.0
a1866,0.0
a1867,0.0
a1868,0.0
a1869,0.0
a1870,0.0
a1871,0.0
a1872,0.0
a1873,0.0
a1874,0.0
a1875,0.0
a1876,0.0
a1877,0.0
a1878,0.0
a1879,0.0
a1880,0.0
a1881,0.0
a1882,0.0
a1883,0.0
a1884,0.0
a1885,0.0
a1886,0.0
a1887,0.0
a1888,0.0
a1889,0.0
a1890,0.0
a1891,0.0
a1892,0.0
a1893,0.0
a1894,0.0
a1895,0.0
a1896,0.0
a1897,0.0
a1898,0.0
a1899,0.0
a1900,0.0
a1901,0.0
a1902,0.0
a1903,0.0
a1904,0.0
a1905,0.0
a1906,0.0
a1907,0.0
a1908,0.0
a1909,0.0
a1910,0.0
a1911,0.0
a1912,0.0
a1913,0.0
a1914,0.0
a1915,0.0
a1916,0.0
a1917,0.0
a1918,0.0
a1919,0.0
a1920,0.0
a1921,0.0
a1922,0.0
a1923,0.0
a1924,0.0
a1925,0.0
a1926,0.0
a1927,0.0
a1928,0.0
a1929,0.0
a1930,0.0
a1931,0.0
a1932,0.0
a1933,0.0
a1934,0.0
a1935,0.0
a1936,0.0
a1937,0.0
a1938,0.0
a1939,0.0
a1940,0.0
a1941,0.0
a1942,0.0
a1943,0.0
a1944,0.0
a1945,0.0
a1946,0.0
a1947,0.0
a1948,0.0
a1949,0.0
a1950,0.0
a1951,0.0
a1952,0.0
a1953,0.0
a1954,0.0
a1955,0.0
a1956,0.0
a1957,0.0
a1958,0.0
a1959,0.0
a1960,0.0
a1961,0.0
a1962,0.0
a1963,0.0
a1964,0.0
a1965,0.0
a1966,0.0
a1967,0.0
a1968,0.0
a1969,0.0
a1970,0.0
a1971,0.0
a1972,0.0
a1973,0.0
a1974,0.0
a1975,0.0
a1976,0.0
a1977,0.0
a1978,0.0
a1979,0.0
a1980,0.0
a1981,0.0
a1982,0.0
a1983,0.0
a1984,0.0
a1985,0.0
a1986,0.0
a1987,0.0
a1988,0.0
a1989,0.0
a1990,0.0
a1991,0.0
a1992,0.0
a1993,0.0
a1994,0.0
a1995,0.0
a1996,0.0
a1997,0.0
a1998,0.0
a1999,0.0
a2000,0.0
a2001,0.0
a2002,0.0
a2003,0.0
a2004,0.0
a2005,0.0
a2006,0.0
a2007,0.0
a2008,0.0
a2009,0.0
a2010,0.0
a2011,0.0
a2012,0.0
a2013,0.0
a2014,0.0
a2015,0.0
a2016,0.0
a2017,0.0
a2018,0.0
a2019,0.0
a2020,0.0
a2021,0.0
a2022,0.0
a2023,0.0
a2024,0.0
a2025,0.0
a2026,0.0
a2027,0.0
a2028,0.0
a2029,0.0
a2030,0.0
a2031,0.0
a2032,0.0
a2033,0.0
a2034,0.0
a2035,0.0
a2036,0.0
a2037,0.0
a2038,0.0
a2039,0.0
a2040,0.0
a2041,0.0
a2042,0.0
a2043,0.0
a2044,0.0
a2045,0.0
a2046,0.0
a2047,0.0
a2048,0.0
a2049,0.0
a2050,0.0
a2051,0.0
a2052,0.0
a2053,0.0
a2054,0.0
a2055,0.0
a2056,0.0
a2057,0.0
a2058,0.0
a2059,0.0
a2060,0.0
a2061,0.0
a2062,0.0
a2063,0.0
a2064,0.0
a2065,0.0
a2066,0.0
a2067,0.0
a2068,0.0
a2069,0.0
a2070,0.0
a2071,0.0
a2072,0.0
a2073,0.0
a2074,0.0
a2075,0.0
a2076,0.0
a2077,0.0
a2078,0.0
a2079,0.0
a2080,0.0
a2081,0.0
a2082,0.0
a2083,0.0
a2084,0.0
a2085,0.0
a2086,0.0
a2087,0.0
a2088,0.0
a2089,0.0
a2090,0.0
a2091,0.0
a2092,0.0
a2093,0.0
a2094,0.0
a2095,0.0
a2096,0.0
a2097,0.0
a2098,0.0
a2099,0.0
a2100,0.0
a2101,0.0
a2102,0.0
a2103,0.0
a2104,0.0
a2105,0.0
a2106,0.0
a2107,0.0
a2108,0.0
a2109,0.0
a2110,0.0
a2111,0.0
a2112,0.0
a2113,0.0
a2114,0.0
a2115,0.0
a2116,0.0
a2117,0.0
a2118,0.0
a2119,0.0
a2120,0.0
a2121,0.0
a2122,0.0
a2123,0.0
a2124,0.0
a2125,0.0
a2126,0.0
a2127,0.0
a2128,0.0
a2129,0.0
a2130,0.0
a2131,0.0
a2132,0.0
a2133,0.0
a2134,0.0
a2135,0.0
a2136,0.0
a2137,0.0
a2138,0.0
a2139,0.0
a2140,0.0
a2141,0.0
a2142,0.0
a2143,0.0
a2144,0.0
a2145,0.0
a2146,0.0
a2147,0.0
a2148,0.0
a2149,0.0
a2150,0.0
a2151,0.0
a2152,0.0
a2153,0.0
a2154,0.0
a2155,0.0
a2156,0.0
a2157,0.0
a2158,0.0
a2159,0.0
a2160,0.0
a2161,0.0
a2162,0.0
a2163,0.0
a2164,0.0
a2165,0.0
a2166,0.0
a2167,0.0
a2168,0.0
a2169,0.0
a2170,0.0
a2171,0.0
a2172,0.0
a2173,0.0
a2174,0.0
a2175,0.0
a2176,0.0
a2177,0.0
a2178,0.0
a2179,0.0
a2180,0.0
a2181,0.0
a2182,0.0
a2183,0.0
a2184,0.0
a2185,0.0
a2186,0.0
a2187,0.0
a2188,0.0
a2189,0.0
a2190,0.0
a2191,0.0
a2192,0.0
a2193,0.0
a2194,0.0
a2195,0.0
a2196,0.0
a2197,0.0
a2198,0.0
a2199,0.0
a2200,0.0
a2201,0.0
a2202,0.0
a2203,0.0
a2204,0.0
a2205,0.0
a2206,0.0
a2207,0.0
a2208,0.0
a2209,0.0
a2210,0.0
a2211,0.0
a2212,0.0
a2213,0.0
a2214,0.0
a2215,0.0
a2216,0.0
a2217,0.0
a2218,0.0
a2219,0.0
a2220,0.0
a2221,0.0
a2222,0.0
a2223,0.0
a2224,0.0
a2225,0.0
a2226,0.0
a2227,0.0
a2228,0.0
a2229,0.0
a2230,0.0
a2231,0.0
a2232,0.0
a2233,0.0
a2234,0.0
a2235,0.0
a2236,0.0
a2237,0.0
a2238,0.0
a2239,0.0
a2240,0.0
a2241,0.0
a2242,0.0
a2243,0.0
a2244,0.0
a2245,0.0
a2246,0.0
a2247,0.0
a2248,0.0
a2249,0.0
a2250,0.0
a2251,0.0
a2252,0.0
a2253,0.0
a2254,0.0
a2255,0.0
a2256,0.0
a2257,0.0
a2258,0.0
a2259,0.0
a2260,0.0
a2261,0.0
a2262,0.0
a2263,0.0
a2264,0.0
a2265,0.0
a2266,0.0
a2267,0.0
a2268,0.0
a2269,0.0
a2270,0.0
a2271,0.0
a2272,0.0
a2273,0.0
a2274,0.0
a2275,0.0
a2276,0.0
a2277,0.0
a2278,0.0
a2279,0.0
a2280,0.0
a2281,0.0
a2282,0.0
a2283,0.0
a2284,0.0
a2285,0.0
a2286,0.0
a2287,0.0
a2288,0.0
a2289,0.0
a2290,0.0
a2291,0.0
a2292,0.0
a2293,0.0
a2294,0.0
a2295,0.0
a2296,0.0
a2297,0.0
a2298,0.0
a2299,0.0
a2300,0.0
a2301,0.0
a2302,0.0
a2303,0.0
a2304,0.0
a2305,0.0
a2306,0.0
a2307,0.0
a2308,0.0
a2309,0.0
a2310,0.0
a2311,0.0
a2312,0.0
a2313,0.0
a2314,0.0
a2315,0.0
a2316,0.0
a2317,0.0
a2318,0.0
a2319,0.0
a2320,0.0
a2321,0.0
a2322,0.0
a2323,0.0
a2324,0.0
a2325,0.0
a2326,0.0
a2327,0.0
a2328,0.0
a2329,0.0
a2330,0.0
a2331,0.0
a2332,0.0
a2333,0.0
a2334,0.0
a2335,0.0
a2336,0.0
a2337,0.0
a2338,0.0
a2339,0.0
a2340,0.0
a2341,0.0
a2342,0.0
a2343,0.0
a2344,0.0
a2345,0.0
a2346,0.0
a2347,0.0
a2348,0.0
a2349,0.0
a2350,0.0
a2351,0.0
a2352,0.0
a2353,0.0
a2354,0.0
a2355,0.0
a2356,0.0
a2357,0.0
a2358,0.0
a2359,0.0
a2360,0.0
a2361,0.0
a2362,0.0
a2363,0.0
a2364,0.0
a2365,0.0
a2366,0.0
a2367,0.0
a2368,0.0
a2369,0.0
a2370,0.0
a2371,0.0
a2372,0.0
a2373,0.0
a2374,0.0
a2375,0.0
a2376,0.0
a2377,0.0
a2378,0.0
a2379,0.0
a2380,0.0
a2381,0.0
a2382,0.0
a2383,0.0
a2384,0.0
a2385,0.0
a2386,0.0
a2387,0.0
a2388,0.0
a2389,0.0
a2390,0.0
a2391,0.0
a2392,0.0
a2393,0.0
a2394,0.0
a2395,0.0
a2396,0.0
a2397,0.0
a2398,0.0
a2399,0.0
a2400,0.0
a2401,0.0
a2402,0.0
a2403,0.0
a2404,0.0
a2405,0.0
a2406,0.0
a2407,0.0
a2408,0.0
a2409,0.0
a2410,0.0
a2411,0.0
a2412,0.0
a2413,0.0
a2414,0.0
a2415,0.0
a2416,0.0
a2417,0.0
a2418,0.0
a2419,0.0
a2420,0.0
a2421,0.0
a2422,0.0
a2423,0.0
a2424,0.0
a2425,0.0
a2426,0.0
a2427,0.0
a2428,0.0
a2429,0.0
a2430,0.0
a2431,0.0
a2432,0.0
a2433,0.0
a2434,0.0
a2435,0.0
a2436,0.0
a2437,0.0
a2438,0.0
a2439,0.0
a2440,0.0
a2441,0.0
a2442,0.0
a2443,0.0
a2444,0.0
a2445,0.0
a2446,0.0
a2447,0.0
a2448,0.0
a2449,0.0
a2450,0.0
a2451,0.0
a2452,0.0
a2453,0.0
a2454,0.0
a2455,0.0
a2456,0.0
a2457,0.0
a2458,0.0
a2459,0.0
a2460,0.0
a2461,0.0
a2462,0.0
a2463,0.0
a2464,0.0
a2465,0.0
a2466,0.0
a2467,0.0
a2468,0.0
a2469,0.0
a2470,0.0
a2471,0.0
a2472,0.0
a2473,0.0
a2474,0.0
a2475,0.0
a2476,0.0
a2477,0.0
a2478,0.0
a2479,0.0
a2480,0.0
a2481,0.0
a2482,0.0
a2483,0.0
a2484,0.0
a2485,0.0
a2486,0.0
a2487,0.0
a2488,0.0
a2489,0.0
a2490,0.0
a2491,0.0
a2492,0.0
a2493,0.0
a2494,0.0
a2495,0.0
a2496,0.0
a2497,0.0
a2498,0.0
a2499,0.0
a2500,0.0
a2501,0.0
a2502,0.0
a2503,0.0
a2504,0.0
a2505,0.0
a2506,0.0
a2507,0.0
a2508,0.0
a2509,0.0
a2510,0.0
a2511,0.0
a2512,0.0
a2513,0.0
a2514,0.0
a2515,0.0
a2516,0.0
a2517,0.0
a2518,0.0
a2519,0.0
a2520,0.0
a2521,0.0
a2522,0.0
a2523,0.0
a2524,0.0
a2525,0.0
a2526,0.0
a2527,0.0
a2528,0.0
a2529,0.0
a2530,0.0
a2531,0.0
a2532,0.0
a2533,0.0
a2534,0.0
a2535,0.0
a2536,0.0
a2537,0.0
a2538,0.0
a2539,0.0
a2540,0.0
a2541,0.0
a2542,0.0
a2543,0.0
a2544,0.0
a2545,0.0
a2546,0.0
a2547,0.0
a2548,0.0
a2549,0.0
a2550,0.0
a2551,0.0
a2552,0.0
a2553,0.0
a2554,0.0
a2555,0.0
a2556,0.0
a2557,0.0
a2558,0.0
a2559,0.0
a2560,0.0
a2561,0.0
a2562,0.0
a2563,0.0
a2564,0.0
a2565,0.0
a2566,0.0
a2567,0.0
a2568,0.0
a2569,0.0
a2570,0.0
a2571,0.0
a2572,0.0
a2573,0.0
a2574,0.0
a2575,0.0
a2576,0.0
a2577,0.0
a2578,0.0
a2579,0.0
a2580,0.0
a2581,0.0
a2582,0.0
a2583,0.0
a2584,0.0
a2585,0.0
a2586,0.0
a2587,0.0
a2588,0.0
a2589,0.0
a2590,0.0
a2591,0.0
a2592,0.0
a2593,0.0
a2594,0.0
a2595,0.0
a2596,0.0
a2597,0.0
a2598,0.0
a2599,0.0
a2600,0.0
a2601,0.0
a2602,0.0
a2603,0.0
a2604,0.0
a2605,0.0
a2606,0.0
a2607,0.0
a2608,0.0
a2609,0.0
a2610,0.0
a2611,0.0
a2612,0.0
a2613,0.0
a2614,0.0
a2615,0.0
a2616,0.0
a2617,0.0
a2618,0.0
a2619,0.0
a2620,0.0
a2621,0.0
a2622,0.0
a2623,0.0
a2624,0.0
a2625,0.0
a2626,0.0
a2627,0.0
a2628,0.0
a2629,0.0
a2630,0.0
a2631,0.0
a2632,0.0
a2633,0.0
a2634,0.0
a2635,0.0
a2636,0.0
a2637,0.0
a2638,0.0
a2639,0.0
a2640,0.0
a2641,0.0
a2642,0.0
a2643,0.0
a2644,0.0
a2645,0.0
a2646,0.0
a2647,0.0
a2648,0.0
a2649,0.0
a2650,0.0
a2651,0.0
a2652,0.0
a2653,0.0
a2654,0.0
a2655,0.0
a2656,0.0
a2657,0.0
a2658,0.0
a2659,0.0
a2660,0.0
a2661,0.0
a2662,0.0
a2663,0.0
a2664,0.0
a2665,0.0
a2666,0.0
a2667,0.0
a2668,0.0
a2669,0.0
a2670,0.0
a2671,0.0
a2672,0.0
a2673,0.0
a2674,0.0
a2675,0.0
a2676,0.0
a2677,0.0
a2678,0.0
a2679,0.0
a2680,0.0
a2681,0.0
a2682,0.0
a2683,0.0
a2684,0.0
a2685,0.0
a2686,0.0
a2687,0.0
a2688,0.0
a2689,0.0
a2690,0.0
a2691,0.0
a2692,0.0
a2693,0.0
a2694,0.0
a2695,0.0
a2696,0.0
a2697,0.0
a2698,0.0
a2699,0.0
a2700,0.0
a2701,0.0
a2702,0.0
a2703,0.0
a2704,0.0
a2705,0.0
a2706,0.0
a2707,0.0
a2708,0.0
a2709,0.0
a2710,0.0
a2711,0.0
a2712,0.0
a2713,0.0
a2714,0.0
a2715,0.0
a2716,0.0
a2717,0.0
a2718,0.0
a2719,0.0
a2720,0.0
a2721,0.0
a2722,0.0
a2723,0.0
a2724,0.0
a2725,0.0
a2726,0.0
a2727,0.0
a2728,0.0
a2729,0.0
a2730,0.0
a2731,0.0
a2732,0.0
a2733,0.0
a2734,0.0
a2735,0.0
a2736,0.0
a2737,0.0
a2738,0.0
a2739,0.0
a2740,0.0
a2741,0.0
a2742,0.0
a2743,0.0
a2744,0.0
a2745,0.0
a2746,0.0
a2747,0.0
a2748,0.0
a2749,0.0
a2750,0.0
a2751,0.0
a2752,0.0
a2753,0.0
a2754,0.0
a2755,0.0
a2756,0.0
a2757,0.0
a2758,0.0
a2759,0.0
a2760,0.0
a2761,0.0
a2762,0.0
a2763,0.0
a2764,0.0
a2765,0.0
a2766,0.0
a2767,0.0
a2768,0.0
a2769,0.0
a2770,0.0
a2771,0.0
a2772,0.0
a2773,0.0
a2774,0.0
a2775,0.0
a2776,0.0
a2777,0.0
a2778,0.0
a2779,0.0
a2780,0.0
a2781,0.0
a2782,0.0
a2783,0.0
a2784,0.0
a2785,0.0
a2786,0.0
a2787,0.0
a2788,0.0
a2789,0.0
a2790,0.0
a2791,0.0
a2792,0.0
a2793,0.0
a2794,0.0
a2795,0.0
a2796,0.0
a2797,0.0
a2798,0.0
a2799,0.0
a2800,0.0
a2801,0.0
a2802,0.0
a2803,0.0
a2804,0.0
a2805,0.0
a2806,0.0
a2807,0.0
a2808,0.0
a2809,0.0
a2810,0.0
a2811,0.0
a2812,0.0
a2813,0.0
a2814,0.0
a2815,0.0
a2816,0.0
a2817,0.0
a2818,0.0
a2819,0.0
a2820,0.0
a2821,0.0
a2822,0.0
a2823,0.0
a2824,0.0
a2825,0.0
a2826,0.0
a2827,0.0
a2828,0.0
a2829,0.0
a2830,0.0
a2831,0.0
a2832,0.0
a2833,0.0
a2834,0.0
a2835,0.0
a2836,0.0
a2837,0.0
a2838,0.0
a2839,0.0
a2840,0.0
a2841,0.0
a2842,0.0
a2843,0.0
a2844,0.0
a2845,0.0
a2846,0.0
a2847,0.0
a2848,0.0
a2849,0.0
a2850,0.0
a2851,0.0
a2852,0.0
a2853,0.0
a2854,0.0
a2855,0.0
a2856,0.0
a2857,0.0
a2858,0.0
a2859,0.0
a2860,0.0
a2861,0.0
a2862,0.0
a2863,0.0
a2864,0.0
a2865,0.0
a2866,0.0
a2867,0.0
a2868,0.0
a2869,0.0
a2870,0.0
a2871,0.0
a2872,0.0
a2873,0.0
a2874,0.0
a2875,0.0
a2876,0.0
a2877,0.0
a2878,0.0
a2879,0.0
a2880,0.0
a2881,0.0
a2882,0.0
a2883,0.0
a2884,0.0
a2885,0.0
a2886,0.0
a2887,0.0
a2888,0.0
a2889,0.0
a2890,0.0
a2891,0.0
a2892,0.0
a2893,0.0
a2894,0.0
a2895,0.0
a2896,0.0
a2897,0.0
a2898,0.0
a2899,0.0
a2900,0.0
a2901,0.0
a2902,0.0
a2903,0.0
a2904,0.0
a2905,0.0
a2906,0.0
a2907,0.0
a2908,0.0
a2909,0.0
a2910,0.0
a2911,0.0
a2912,0.0
a2913,0.0
a2914,0.0
a2915,0.0
a2916,0.0
a2917,0.0
a2918,0.0
a2919,0.0
a2920,0.0
a2921,0.0
a2922,0.0
a2923,0.0
a2924,0.0
a2925,0.0
a2926,0.0
a2927,0.0
a2928,0.0
a2929,0.0
a2930,0.0
a2931,0.0
a2932,0.0
a2933,0.0
a2934,0.0
a2935,0.0
a2936,0.0
a2937,0.0
a2938,0.0
a2939,0.0
a2940,0.0
a2941,0.0
a2942,0.0
a2943,0.0
a2944,0.0
a2945,0.0
a2946,0.0
a2947,0.0
a2948,0.0
a2949,0.0
a2950,0.0
a2951,0.0
a2952,0.0
a2953,0.0
a2954,0.0
a2955,0.0
a2956,0.0
a2957,0.0
a2958,0.0
a2959,0.0
a2960,0.0
a2961,0.0
a2962,0.0
a2963,0.0
a2964,0.0
a2965,0.0
a2966,0.0
a2967,0.0
a2968,0.0
a2969,0.0
a2970,0.0
a2971,0.0
a2972,0.0
a2973,0.0
a2974,0.0
a2975,0.0
a2976,0.0
a2977,0.0
a2978,0.0
a2979,0.0
a2980,0.0
a2981,0.0
a2982,0.0
a2983,0.0
a2984,0.0
a2985,0.0
a2986,0.0
a2987,0.0
a2988,0.0
a2989,0.0
a2990,0.0
a2991,0.0
a2992,0.0
a2993,0.0
a2994,0.0
a2995,0.0
a2996,0.0
a2997,0.0
a2998,0.0
a2999,0.0
a3000,0.0
a3001,0.0
a3002,0.0
a3003,0.0
a3004,0.0
a3005,0.0
a3006,0.0
a3007,0.0
a3008,0.0
a3009,0.0
a3010,0.0
a3011,0.0
a3012,0.0
a3013,0.0
a3014,0.0
a3015,0.0
a3016,0.0
a3017,0.0
a3018,0.0
a3019,0.0
a3020,0.0
a3021,0.0
a3022,0.0
a3023,0.0
a3024,0.0
a3025,0.0
a3026,0.0
a3027,0.0
a3028,0.0
a3029,0.0
a3030,0.0
a3031,0.0
a3032,0.0
a3033,0.0
a3034,0.0
a3035,0.0
a3036,0.0
a3037,0.0
a3038,0.0
a3039,0.0
a3040,0.0
a3041,0.0
a3042,0.0
a3043,0.0
a3044,0.0
a3045,0.0
a3046,0.0
a3047,0.0
a3048,0.0
a3049,0.0
a3050,0.0
a3051,0.0
a3052,0.0
a3053,0.0
a3054,0.0
a3055,0.0
a3056,0.0
a3057,0.0
a3058,0.0
a3059,0.0
a3060,0.0
a3061,0.0
a3062,0.0
a3063,0.0
a3064,0.0
a3065,0.0
a3066,0.0
a3067,0.0
a3068,0.0
a3069,0.0
a3070,0.0
a3071,0.0
a3072,0.0
a3073,0.0
a3074,0.0
a3075,0.0
a3076,0.0
a3077,0.0
a3078,0.0
a3079,0.0
a3080,0.0
a3081,0.0
a3082,0.0
a3083,0.0
a3084,0.0
a3085,0.0
a3086,0.0
a3087,0.0
a3088,0.0
a3089,0.0
a3090,0.0
a3091,0.0
a3092,0.0
a3093,0.0
a3094,0.0
a3095,0.0
a3096,0.0
a3097,0.0
a3098,0.0
a3099,0.0
a3100,0.0
a3101,0.0
a3102,0.0
a3103,0.0
a3104,0.0
a3105,0.0
a3106,0.0
a3107,0.0
a3108,0.0
a3109,0.0
a3110,0.0
a3111,0.0
a3112,0.0
a3113,0.0
a3114,0.0
a3115,0.0
a3116,0.0
a3117,0.0
a3118,0.0
a3119,0.0
a3120,0.0
a3121,0.0
a3122,0.0
a3123,0.0
a3124,0.0
a3125,0.0
a3126,0.0
a3127,0.0
a3128,0.0
a3129,0.0
a3130,0.0
a3131,0.0
a3132,0.0
a3133,0.0
a3134,0.0
a3135,0.0
a3136,0.0
a3137,0.0
a3138,0.0
a3139,0.0
a3140,0.0
a3141,0.0
a3142,0.0
a3143,0.0
a3144,0.0
a3145,0.0
a3146,0.0
a3147,0.0
a3148,0.0
a3149,0.0
a3150,0.0
a3151,0.0
a3152,0.0
a3153,0.0
a3154,0.0
a3155,0.0
a3156,0.0
a3157,0.0
a3158,0.0
a3159,0.0
a3160,0.0
a3161,0.0
a3162,0.0
a3163,0.0
a3164,0.0
a3165,0.0
a3166,0.0
a3167,0.0
a3168,0.0
a3169,0.0
a3170,0.0
a3171,0.0
a3172,0.0
a3173,0.0
a3174,0.0
a3175,0.0
a3176,0.0
a3177,0.0
a3178,0.0
a3179,0.0
a3180,0.0
a3181,0.0
a3182,0.0
a3183,0.0
a3184,0.0
a3185,0.0
a3186,0.0
a3187,0.0
a3188,0.0
a3189,0.0
a3190,0.0
a3191,0.0
a3192,0.0
a3193,0.0
a3194,0.0
a3195,0.0
a3196,0.0
a3197,0.0
a3198,0.0
a3199,0.0
a3200,0.0
a3201,0.0
a3202,0.0
a3203,0.0
a3204,0.0
a3205,0.0
a3206,0.0
a3207,0.0
a3208,0.0
a3209,0.0
a3210,0.0
a3211,0.0
a3212,0.0
a3213,0.0
a3214,0.0
a3215,0.0
a3216,0.0
a3217,0.0
a3218,0.0
a3219,0.0
a3220,0.0
a3221,0.0
a3222,0.0
a3223,0.0
a3224,0.0
a3225,0.0
a3226,0.0
a3227,0.0
a3228,0.0
a3229,0.0
a3230,0.0
a3231,0.0
a3232,0.0
a3233,0.0
a3234,0.0
a3235,0.0
a3236,0.0
a3237,0.0
a3238,0.0
a3239,0.0
a3240,0.0
a3241,0.0
a3242,0.0
a3243,0.0
a3244,0.0
a3245,0.0
a3246,0.0
a3247,0.0
a3248,0.0
a3249,0.0
a3250,0.0
a3251,0.0
a3252,0.0
a3253,0.0
a3254,0.0
a3255,0.0
a3256,0.0
a3257,0.0
a3258,0.0
a3259,0.0
a3260,0.0
a3261,0.0
a3262,0.0
a3263,0.0
a3264,0.0
a3265,0.0
a3266,0.0
a3267,0.0
a3268,0.0
a3269,0.0
a3270,0.0
a3271,0.0
a3272,0.0
a3273,0.0
a3274,0.0
a3275,0.0
a3276,0.0
a3277,0.0
a3278,0.0
a3279,0.0
a3280,0.0
a3281,0.0
a3282,0.0
a3283,0.0
a3284,0.0
a3285,0.0
a3286,0.0
a3287,0.0
a3288,0.0
a3289,0.0
a3290,0.0
a3291,0.0
a3292,0.0
a3293,0.0
a3294,0.0
a3295,0.0
a3296,0.0
a3297,0.0
a3298,0.0
a3299,0.0
a3300,0.0
a3301,0.0
a3302,0.0
a3303,0.0
a3304,0.0
a3305,0.0
a3306,0.0
a3307,0.0
a3308,0.0
a3309,0.0
a3310,0.0
a3311,0.0
a3312,0.0
a3313,0.0
a3314,0.0
a3315,0.0
a3316,0.0
a3317,0.0
a3318,0.0
a3319,0.0
a3320,0.0
a3321,0.0
a3322,0.0
a3323,0.0
a3324,0.0
a3325,0.0
a3326,0.0
a3327,0.0
a3328,0.0
a3329,0.0
a3330,0.0
a3331,0.0
a3332,0.0
a3333,0.0
a3334,0.0
a3335,0.0
a3336,0.0
a3337,0.0
a3338,0.0
a3339,0.0
a3340,0.0
a3341,0.0
a3342,0.0
a3343,0.0
a3344,0.0
a3345,0.0
a3346,0.0
a3347,0.0
a3348,0.0
a3349,0.0
a3350,0.0
a3351,0.0
a3352,0.0
a3353,0.0
a3354,0.0
a3355,0.0
a3356,0.0
a3357,0.0
a3358,0.0
a3359,0.0
a3360,0.0
a3361,0.0
a3362,0.0
a3363,0.0
a3364,0.0
a3365,0.0
a3366,0.0
a3367,0.0
a3368,0.0
a3369,0.0
a3370,0.0
a3371,0.0
a3372,0.0
a3373,0.0
a3374,0.0
a3375,0.0
a3376,0.0
a3377,0.0
a3378,0.0
a3379,0.0
a3380,0.0
a3381,0.0
a3382,0.0
a3383,0.0
a3384,0.0
a3385,0.0
a3386,0.0
a3387,0.0
a3388,0.0
a3389,0.0
a3390,0.0
a3391,0.0
a3392,0.0
a3393,0.0
a3394,0.0
a3395,0.0
a3396,0.0
a3397,0.0
a3398,0.0
a3399,0.0
a3400,0.0
a3401,0.0
a3402,0.0
a3403,0.0
a3404,0.0
a3405,0.0
a3406,0.0
a3407,0.0
a3408,0.0
a3409,0.0
a3410,0.0
a3411,0.0
a3412,0.0
a3413,0.0
a3414,0.0
a3415,0.0
a3416,0.0
a3417,0.0
a3418,0.0
a3419,0.0
a3420,0.0
a3421,0.0
a3422,0.0
a3423,0.0
a3424,0.0
a3425,0.0
a3426,0.0
a3427,0.0
a3428,0.0
a3429,0.0
a3430,0.0
a3431,0.0
a3432,0.0
a3433,0.0
a3434,0.0
a3435,0.0
a3436,0.0
a3437,0.0
a3438,0.0
a3439,0.0
a3440,0.0
a3441,0.0
a3442,0.0
a3443,0.0
a3444,0.0
a3445,0.0
a3446,0.0
a3447,0.0
a3448,0.0
a3449,0.0
a3450,0.0
a3451,0.0
a3452,0.0
a3453,0.0
a3454,0.0
a3455,0.0
a3456,0.0
a3457,0.0
a3458,0.0
a3459,0.0
a3460,0.0
a3461,0.0
a3462,0.0
a3463,0.0
a3464,0.0
a3465,0.0
a3466,0.0
a3467,0.0
a3468,0.0
a3469,0.0
a3470,0.0
a3471,0.0
a3472,0.0
a3473,0.0
a3474,0.0
a3475,0.0
a3476,0.0
a3477,0.0
a3478,0.0
a3479,0.0
a3480,0.0
a3481,0.0
a3482,0.0
a3483,0.0
a3484,0.0
a3485,0.0
a3486,0.0
a3487,0.0
a3488,0.0
a3489,0.0
a3490,0.0
a3491,0.0
a3492,0.0
a3493,0.0
a3494,0.0
a3495,0.0
a3496,0.0
a3497,0.0
a3498,0.0
a3499,0.0
a3500,0.0
a3501,0.0
a3502,0.0
a3503,0.0
a3504,0.0
a3505,0.0
a3506,0.0
a3507,0.0
a3508,0.0
a3509,0.0
a3510,0.0
a3511,0.0
a3512,0.0
a3513,0.0
a3514,0.0
a3515,0.0
a3516,0.0
a3517,0.0
a3518,0.0
a3519,0.0
a3520,0.0
a3521,0.0
a3522,0.0
a3523,0.0
a3524,0.0
a3525,0.0
a3526,0.0
a3527,0.0
a3528,0.0
a3529,0.0
a3530,0.0
a3531,0.0
a3532,0.0
a3533,0.0
a3534,0.0
a3535,0.0
a3536,0.0
a3537,0.0
a3538,0.0
a3539,0.0
a3540,0.0
a3541,0.0
a3542,0.0
a3543,0.0
a3544,0.0
a3545,0.0
a3546,0.0
a3547,0.0
a3548,0.0
a3549,0.0
a3550,0.0
a3551,0.0
a3552,0.0
a3553,0.0
a3554,0.0
a3555,0.0
a3556,0.0
a3557,0.0
a3558,0.0
a3559,0.0
a3560,0.0
a3561,0.0
a3562,0.0
a3563,0.0
a3564,0.0
a3565,0.0
a3566,0.0
a3567,0.0
a3568,0.0
a3569,0.0
a3570,0.0
a3571,0.0
a3572,0.0
a3573,0.0
a3574,0.0
a3575,0.0
a3576,0.0
a3577,0.0
a3578,0.0
a3579,0.0
a3580,0.0
a3581,0.0
a3582,0.0
a3583,0.0
a3584,0.0
a3585,0.0
a3586,0.0
a3587,0.0
a3588,0.0
a3589,0.0
a3590,0.0
a3591,0.0
a3592,0.0
a3593,0.0
a3594,0.0
a3595,0.0
a3596,0.0
a3597,0.0
a3598,0.0
a3599,0.0
a3600,0.0
a3601,0.0
a3602,0.0
a3603,0.0
a3604,0.0
a3605,0.0
a3606,0.0
a3607,0.0
a3608,0.0
a3609,0.0
a3610,0.0
a3611,0.0
a3612,0.0
a3613,0.0
a3614,0.0
a3615,0.0
a3616,0.0
a3617,0.0
a3618,0.0
a3619,0.0
a3620,0.0
a3621,0.0
a3622,0.0
a3623,0.0
a3624,0.0
a3625,0.0
a3626,0.0
a3627,0.0
a3628,0.0
a3629,0.0
a3630,0.0
a3631,0.0
a3632,0.0
a3633,0.0
a3634,0.0
a3635,0.0
a3636,0.0
a3637,0.0
a3638,0.0
a3639,0.0
a3640,0.0
a3641,0.0
a3642,0.0
a3643,0.0
a3644,0.0
a3645,0.0
a3646,0.0
a3647,0.0
a3648,0.0
a3649,0.0
a3650,0.0
a3651,0.0
a3652,0.0
a3653,0.0
a3654,0.0
a3655,0.0
a3656,0.0
a3657,0.0
a3658,0.0
a3659,0.0
a3660,0.0
a3661,0.0
a3662,0.0
a3663,0.0
a3664,0.0
a3665,0.0
a3666,0.0
a3667,0.0
a3668,0.0
a3669,0.0
a3670,0.0
a3671,0.0
a3672,0.0
a3673,0.0
a3674,0.0
a3675,0.0
a3676,0.0
a3677,0.0
a3678,0.0
a3679,0.0
a3680,0.0
a3681,0.0
a3682,0.0
a3683,0.0
a3684,0.0
a3685,0.0
a3686,0.0
a3687,0.0
a3688,0.0
a3689,0.0
a3690,0.0
a3691,0.0
a3692,0.0
a3693,0.0
a3694,0.0
a3695,0.0
a3696,0.0
a3697,0.0
a3698,0.0
a3699,0.0
a3700,0.0
a3701,0.0
a3702,0.0
a3703,0.0
a3704,0.0
a3705,0.0
a3706,0.0
a3707,0.0
a3708,0.0
a3709,0.0
a3710,0.0
a3711,0.0
a3712,0.0
a3713,0.0
a3714,0.0
a3715,0.0
a3716,0.0
a3717,0.0
a3718,0.0
a3719,0.0
a3720,0.0
a3721,0.0
a3722,0.0
a3723,0.0
a3724,0.0
a3725,0.0
a3726,0.0
a3727,0.0
a3728,0.0
a3729,0.0
a3730,0.0
a3731,0.0
a3732,0.0
a3733,0.0
a3734,0.0
a3735,0.0
a3736,0.0
a3737,0.0
a3738,0.0
a3739,0.0
a3740,0.0
a3741,0.0
a3742,0.0
a3743,0.0
a3744,0.0
a3745,0.0
a3746,0.0
a3747,0.0
a3748,0.0
a3749,0.0
a3750,0.0
a3751,0.0
a3752,0.0
a3753,0.0
a3754,0.0
a3755,0.0
a3756,0.0
a3757,0.0
a3758,0.0
a3759,0.0
a3760,0.0
a3761,0.0
a3762,0.0
a3763,0.0
a3764,0.0
a3765,0.0
a3766,0.0
a3767,0.0
a3768,0.0
a3769,0.0
a3770,0.0
a3771,0.0
a3772,0.0
a3773,0.0
a3774,0.0
a3775,0.0
a3776,0.0
a3777,0.0
a3778,0.0
a3779,0.0
a3780,0.0
a3781,0.0
a3782,0.0
a3783,0.0
a3784,0.0
a3785,0.0
a3786,0.0
a3787,0.0
a3788,0.0
a3789,0.0
a3790,0.0
a3791,0.0
a3792,0.0
a3793,0.0
a3794,0.0
a3795,0.0
a3796,0.0
a3797,0.0
a3798,0.0
a3799,0.0
a3800,0.0
a3801,0.0
a3802,0.0
a3803,0.0
a3804,0.0
a3805,0.0
a3806,0.0
a3807,0.0
a3808,0.0
a3809,0.0
a3810,0.0
a3811,0.0
a3812,0.0
a3813,0.0
a3814,0.0
a3815,0.0
a3816,0.0
a3817,0.0
a3818,0.0
a3819,0.0
a3820,0.0
a3821,0.0
a3822,0.0
a3823,0.0
a3824,0.0
a3825,0.0
a3826,0.0
a3827,0.0
a3828,0.0
a3829,0.0
a3830,0.0
a3831,0.0
a3832,0.0
a3833,0.0
a3834,0.0
a3835,0.0
a3836,0.0
a3837,0.0
a3838,0.0
a3839,0.0
a3840,0.0
a3841,0.0
a3842,0.0
a3843,0.0
a3844,0.0
a3845,0.0
a3846,0.0
a3847,0.0
a3848,0.0
a3849,0.0
a3850,0.0
a3851,0.0
a3852,0.0
a3853,0.0
a3854,0.0
a3855,0.0
a3856,0.0
a3857,0.0
a3858,0.0
a3859,0.0
a3860,0.0
a3861,0.0
a3862,0.0
a3863,0.0
a3864,0.0
a3865,0.0
a3866,0.0
a3867,0.0
a3868,0.0
a3869,0.0
a3870,0.0
a3871,0.0
a3872,0.0
a3873,0.0
a3874,0.0
a3875,0.0
a3876,0.0
a3877,0.0
a3878,0.0
a3879,0.0
a3880,0.0
a3881,0.0
a3882,0.0
a3883,0.0
a3884,0.0
a3885,0.0
a3886,0.0
a3887,0.0
a3888,0.0
a3889,0.0
a3890,0.0
a3891,0.0
a3892,0.0
a3893,0.0
a3894,0.0
a3895,0.0
a3896,0.0
a3897,0.0
a3898,0.0
a3899,0.0
a3900,0.0
a3901,0.0
a3902,0.0
a3903,0.0
a3904,0.0
a3905,0.0
a3906,0.0
a3907,0.0
a3908,0.0
a3909,0.0
a3910,0.0
a3911,0.0
a3912,0.0
a3913,0.0
a3914,0.0
a3915,0.0
a3916,0.0
a3917,0.0
a3918,0.0
a3919,0.0
a3920,0.0
a3921,0.0
a3922,0.0
a3923,0.0
a3924,0.0
a3925,0.0
a3926,0.0
a3927,0.0
a3928,0.0
a3929,0.0
a3930,0.0
a3931,0.0
a3932,0.0
a3933,0.0
a3934,0.0
a3935,0.0
a3936,0.0
a3937,0.0
a3938,0.0
a3939,0.0
a3940,0.0
a3941,0.0
a3942,0.0
a3943,0.0
a3944,0.0
a3945,0.0
a3946,0.0
a3947,0.0
a3948,0.0
a3949,0.0
a3950,0.0
a3951,0.0
a3952,0.0
a3953,0.0
a3954,0.0
a3955,0.0
a3956,0.0
a3957,0.0
a3958,0.0
a3959,0.0
a3960,0.0
a3961,0.0
a3962,0.0
a3963,0.0
a3964,0.0
a3965,0.0
a3966,0.0
a3967,0.0
a3968,0.0
a3969,0.0
a3970,0.0
a3971,0.0
a3972,0.0
a3973,0.0
a3974,0.0
a3975,0.0
a3976,0.0
a3977,0.0
a3978,0.0
a3979,0.0
a3980,0.0
a3981,0.0
a3982,0.0
a3983,0.0
a3984,0.0
a3985,0.0
a3986,0.0
a3987,0.0
a3988,0.0
a3989,0.0
a3990,0.0
a3991,0.0
a3992,0.0
a3993,0.0
a3994,0.0
a3995,0.0
a3996,0.0
a3997,0.0
a3998,0.0
a3999,0.0
a4000,0.0
a4001,0.0
a4002,0.0
a4003,0.0
a4004,0.0
a4005,0.0
a4006,0.0
a4007,0.0
a4008,0.0
a4009,0.0
a4010,0.0
a4011,0.0
a4012,0.0
a4013,0.0
a4014,0.0
a4015,0.0
a4016,0.0
a4017,0.0
a4018,0.0
a4019,0.0
a4020,0.0
a4021,0.0
a4022,0.0
a4023,0.0
a4024,0.0
a4025,0.0
a4026,0.0
a4027,0.0
a4028,0.0
a4029,0.0
a4030,0.0
a4031,0.0
a4032,0.0
a4033,0.0
a4034,0.0
a4035,0.0
a4036,0.0
a4037,0.0
a4038,0.0
a4039,0.0
a4040,0.0
a4041,0.0
a4042,0.0
a4043,0.0
a4044,0.0
a4045,0.0
a4046,0.0
a4047,0.0
a4048,0.0
a4049,0.0
a4050,0.0
a4051,0.0
a4052,0.0
a4053,0.0
a4054,0.0
a4055,0.0
a4056,0.0
a4057,0.0
a4058,0.0
a4059,0.0
a4060,0.0
a4061,0.0
a4062,0.0
a4063,0.0
a4064,0.0
a4065,0.0
a4066,0.0
a4067,0.0
a4068,0.0
a4069,0.0
a4070,0.0
a4071,0.0
a4072,0.0
a4073,0.0
a4074,0.0
a4075,0.0
a4076,0.0
a4077,0.0
a4078,0.0
a4079,0.0
a4080,0.0
a4081,0.0
a4082,0.0
a4083,0.0
a4084,0.0
a4085,0.0
a4086,0.0
a4087,0.0
a4088,0.0
a4089,0.0
a4090,0.0
a4091,0.0
a4092,0.0
a4093,0.0
a4094,0.0
a4095,0.0
a4096,0.0
a4097,0.0
a4098,0.0
a4099,0.0
a4100,0.0
a4101,0.0
a4102,0.0
a4103,0.0
a4104,0.0
a4105,0.0
a4106,0.0
a4107,0.0
a4108,0.0
a4109,0.0
a4110,0.0
a4111,0.0
a4112,0.0
a4113,0.0
a4114,0.0
a4115,0.0
a4116,0.0
a4117,0.0
a4118,0.0
a4119,0.0
a4120,0.0
a4121,0.0
a4122,0.0
a4123,0.0
a4124,0.0
a4125,0.0
a4126,0.0
a4127,0.0
a4128,0.0
a4129,0.0
a4130,0.0
a4131,0.0
a4132,0.0
a4133,0.0
a4134,0.0
a4135,0.0
a4136,0.0
a4137,0.0
a4138,0.0
a4139,0.0
a4140,0.0
a4141,0.0
a4142,0.0
a4143,0.0
a4144,0.0
a4145,0.0
a4146,0.0
a4147,0.0
a4148,0.0
a4149,0.0
a4150,0.0
a4151,0.0
a4152,0.0
a4153,0.0
a4154,0.0
a4155,0.0
a4156,0.0
a4157,0.0
a4158,0.0
a4159,0.0
a4160,0.0
a4161,0.0
a4162,0.0
a4163,0.0
a4164,0.0
a4165,0.0
a4166,0.0
a4167,0.0
a4168,0.0
a4169,0.0
a4170,0.0
a4171,0.0
a4172,0.0
a4173,0.0
a4174,0.0
a4175,0.0
a4176,0.0
a4177,0.0
a4178,0.0
a4179,0.0
a4180,0.0
a4181,0.0
a4182,0.0
a4183,0.0
a4184,0.0
a4185,0.0
a4186,0.0
a4187,0.0
a4188,0.0
a4189,0.0
a4190,0.0
a4191,0.0
a4192,0.0
a4193,0.0
a4194,0.0
a4195,0.0
a4196,0.0
a4197,0.0
a4198,0.0
a4199,0.0
a4200,0.0
a4201,0.0
a4202,0.0
a4203,0.0
a4204,0.0
a4205,0.0
a4206,0.0
a4207,0.0
a4208,0.0
a4209,0.0
a4210,0.0
a4211,0.0
a4212,0.0
a4213,0.0
a4214,0.0
a4215,0.0
a4216,0.0
a4217,0.0
a4218,0.0
a4219,0.0
a4220,0.0
a4221,0.0
a4222,0.0
a4223,0.0
a4224,0.0
a4225,0.0
a4226,0.0
a4227,0.0
a4228,0.0
a4229,0.0
a4230,0.0
a4231,0.0
a4232,0.0
a4233,0.0
a4234,0.0
a4235,0.0
a4236,0.0
a4237,0.0
a4238,0.0
a4239,0.0
a4240,0.0
a4241,0.0
a4242,0.0
a4243,0.0
a4244,0.0
a4245,0.0
a4246,0.0
a4247,0.0
a4248,0.0
a4249,0.0
a4250,0.0
a4251,0.0
a4252,0.0
a4253,0.0
a4254,0.0
a4255,0.0
a4256,0.0
a4257,0.0
a4258,0.0
a4259,0.0
a4260,0.0
a4261,0.0
a4262,0.0
a4263,0.0
a4264,0.0
a4265,0.0
a4266,0.0
a4267,0.0
a4268,0.0
a4269,0.0
a4270,0.0
a4271,0.0
a4272,0.0
a4273,0.0
a4274,0.0
a4275,0.0
a4276,0.0
a4277,0.0
a4278,0.0
a4279,0.0
a4280,0.0
a4281,0.0
a4282,0.0
a4283,0.0
a4284,0.0
a4285,0.0
a4286,0.0
a4287,0.0
a4288,0.0
a4289,0.0
a4290,0.0
a4291,0.0
a4292,0.0
a4293,0.0
a4294,0.0
a4295,0.0
a4296,0.0
a4297,0.0
a4298,0.0
a4299,0.0
a4300,0.0
a4301,0.0
a4302,0.0
a4303,0.0
a4304,0.0
a4305,0.0
a4306,0.0
a4307,0.0
a4308,0.0
a4309,0.0
a4310,0.0
a4311,0.0
a4312,0.0
a4313,0.0
a4314,0.0
a4315,0.0
a4316,0.0
a4317,0.0
a4318,0.0
a4319,0.0
a4320,0.0
a4321,0.0
a4322,0.0
a4323,0.0
a4324,0.0
a4325,0.0
a4326,0.0
a4327,0.0
a4328,0.0
a4329,0.0
a4330,0.0
a4331,0.0
a4332,0.0
a4333,0.0
a4334,0.0
a4335,0.0
a4336,0.0
a4337,0.0
a4338,0.0
a4339,0.0
a4340,0.0
a4341,0.0
a4342,0.0
a4343,0.0
a4344,0.0
a4345,0.0
a4346,0.0
a4347,0.0
a4348,0.0
a4349,0.0
a4350,0.0
a4351,0.0
a4352,0.0
a4353,0.0
a4354,0.0
a4355,0.0
a4356,0.0
a4357,0.0
a4358,0.0
a4359,0.0
a4360,0.0
a4361,0.0
a4362,0.0
a4363,0.0
a4364,0.0
a4365,0.0
a4366,0.0
a4367,0.0
a4368,0.0
a4369,0.0
a4370,0.0
a4371,0.0
a4372,0.0
a4373,0.0
a4374,0.0
a4375,0.0
a4376,0.0
a4377,0.0
a4378,0.0
a4379,0.0
a4380,0.0
a4381,0.0
a4382,0.0
a4383,0.0
a4384,0.0
a4385,0.0
a4386,0.0
a4387,0.0
a4388,0.0
a4389,0.0
a4390,0.0
a4391,0.0
a4392,0.0
a4393,0.0
a4394,0.0
a4395,0.0
a4396,0.0
a4397,0.0
a4398,0.0
a4399,0.0
a4400,0.0
a4401,0.0
a4402,0.0
a4403,0.0
a4404,0.0
a4405,0.0
a4406,0.0
a4407,0.0
a4408,0.0
a4409,0.0
a4410,0.0
a4411,0.0
a4412,0.0
a4413,0.0
a4414,0.0
a4415,0.0
a4416,0.0
a4417,0.0
a4418,0.0
a4419,0.0
a4420,0.0
a4421,0.0
a4422,0.0
a4423,0.0
a4424,0.0
a4425,0.0
a4426,0.0
a4427,0.0
a4428,0.0
a4429,0.0
a4430,0.0
a4431,0.0
a4432,0.0
a4433,0.0
a4434,0.0
a4435,0.0
a4436,0.0
a4437,0.0
a4438,0.0
a4439,0.0
a4440,0.0
a4441,0.0
a4442,0.0
a4443,0.0
a4444,0.0
a4445,0.0
a4446,0.0
a4447,0.0
a4448,0.0
a4449,0.0
a4450,0.0
a4451,0.0
a4452,0.0
a4453,0.0
a4454,0.0
a4455,0.0
a4456,0.0
a4457,0.0
a4458,0.0
a4459,0.0
a4460,0.0
a4461,0.0
a4462,0.0
a4463,0.0
a4464,0.0
a4465,0.0
a4466,0.0
a4467,0.0
a4468,0.0
a4469,0.0
a4470,0.0
a4471,0.0
a4472,0.0
a4473,0.0
a4474,0.0
a4475,0.0
a4476,0.0
a4477,0.0
a4478,0.0
a4479,0.0
a4480,0.0
a4481,0.0
a4482,0.0
a4483,0.0
a4484,0.0
a4485,0.0
a4486,0.0
a4487,0.0
a4488,0.0
a4489,0.0
a4490,0.0
a4491,0.0
a4492,0.0
a4493,0.0
a4494,0.0
a4495,0.0
a4496,0.0
a4497,0.0
a4498,0.0
a4499,0.0
